{"cameraMode":{"drawMode":0,"name":"Shaded","section":"Shading Mode"},"sceneLighting":false,"audioPlay":false,"sceneViewState":{"showFog":false,"showMaterialUpdate":false,"showSkybox":false,"showFlares":false,"showImageEffects":false,"showParticleSystems":false},"in2DMode":false,"pivot":{"x":0.5163173675537109,"y":-0.3372771739959717,"z":0.06073951721191406},"rotation":{"x":-0.2631789445877075,"y":-0.3401947319507599,"z":0.09978152811527252,"w":-0.8972633481025696},"size":5.560199737548828,"orthographic":false}